icao_code,long_destination,medium_destination,short_destination,latitude,longitude,group
KLCK,1,0,0,39.813801,-82.927803,A
KPDK,1,1,0,33.8755989075,-84.3020019531,A
LYBE,1,0,0,44.8184013367,20.3090991974,A
RPUF,0,0,0,14.98724,120.492554,A
WN61,0,0,1,47.7252006530762,-117.279998779297,A
KATL,19,4,2,33.6367,-84.428101,A
KGRR,0,0,0,42.88079834,-85.52279663,A
KLSV,0,1,0,36.2361984253,-115.033996582,A
KUDD,0,0,1,33.748401641846,-116.27500152588,A
LFPG,170,1,29,49.012798,2.55,A
LIML,0,0,0,45.445099,9.27674,A
UNEE,0,0,0,55.2700996398926,86.1072006225586,A
KMSP,5,3,4,44.882,-93.221802,A
LOWW,41,1,3,48.110298156738,16.569700241089,A
EDDK,6,0,2,50.8658981323,7.1427397728,A
EIBA,0,0,0,53.5055556,-6.2377778,A
UUBW,0,0,1,55.553299,38.150002,A
KLOU,0,0,0,38.2280006409,-85.6636962891,A
KWHP,0,5,0,34.2593002319,-118.413002014,A
OETH,3,1,1,25.2129993438721,46.640998840332,A
OMAD,1,0,0,24.4283008575439,54.4580993652344,A
SBSJ,0,0,0,-23.2292003631592,-45.861499786377,A
KFTG,10,3,0,39.784194,-104.537639,A
KPSP,0,2,1,33.8297004699707,-116.50700378418,A
OTHH,168,16,77,25.273056,51.608056,A
PHOG,2,1,0,20.8986,-156.429993,A
13CL,0,0,0,38.3813018798828,-121.823997497559,A
KMYF,0,1,0,32.8157,-117.139999,A
EDAM,1,0,0,51.363056,11.940833,A
KHEF,0,1,0,38.72140121,-77.51540375,A
KNZY,1,0,0,32.69919968,-117.2149963,A
SKGY,0,0,0,4.81233,-74.0649,A
VOBL,5,3,7,13.1979,77.706299,A
8MI4,0,0,0,43.4958992004395,-85.5736999511719,A
UIII,0,17,0,52.268001556396,104.38899993896,A
CN29,0,1,0,37.9351997375488,-121.014999389648,A
KCCB,0,1,0,34.1115989685,-117.68800354,A
KF48,0,0,0,33.7739982604981,-97.7380981445312,A
KPWK,0,0,0,42.114222,-87.901494,A
CNC3,0,1,0,43.7603,-79.875,A
UTTT,0,1,0,41.257900238,69.2811965942,A
KBLM,0,0,0,40.18690109,-74.12490082,A
KBUR,0,3,0,34.2006988525391,-118.359001159668,A
KMMK,0,0,1,41.5087013244629,-72.8294982910156,A
KTIK,0,1,0,35.414699554443,-97.386596679688,A
LDZA,0,0,0,45.7429008484,16.0687999725,A
LFLL,0,0,0,45.725556,5.081111,A
LIED,0,0,0,39.354198,8.97248,A
OMAA,58,0,1,24.4330005645752,54.6511001586914,A
PANC,102,10,5,61.1744003295898,-149.996002197266,A
RJAA,40,2,0,35.764702,140.386002,A
NY62,0,1,0,43.1458015441895,-75.5419006347656,A
OPKC,1,0,0,24.9065,67.160797,A
SBSG,1,0,0,-5.768056,-35.376111,A
WSSS,37,6,7,1.35019,103.994003,A
KFXE,0,2,1,26.1972999573,-80.1707000732,A
KOAK,15,29,2,37.721298,-122.221001,A
RJOA,3,1,0,34.4361,132.919006,A
SSNG,1,0,0,-29.7194004058838,-51.4893989562988,A
KMPO,0,0,0,41.137503,-75.378897,A
KNGU,1,0,0,36.937599,-76.289299,A
FALA,0,0,0,-25.9384994507,27.9260997772,A
KACK,0,1,0,41.25310135,-70.06020355,A
KH92,0,0,0,36.442699432373,-96.3871994018555,A
KSJC,14,18,3,37.362598,-121.929001,A
LCPH,0,0,0,34.7179985046387,32.4856986999512,A
6NJ9,0,1,0,39.7918014526367,-75.3746032714844,A
KETN,0,0,0,32.4135017395,-98.8097991943,A
LTBA,36,3,9,40.976898,28.8146,A
VIDP,73,19,4,28.5665,77.103104,A
KMKC,0,3,1,39.1231994628906,-94.5927963256836,A
LKSZ,0,0,0,50.324699,14.2589,A
CZBB,0,0,0,49.0742,-123.012001,A
KCMA,0,2,1,34.2136993408203,-119.09400177002,A
SADZ,1,0,0,-34.7261,-58.5011,A
WIDD,6,0,0,1.12102997303,104.119003296,A
SPNO,0,0,1,-11.7946996688843,-77.1809005737305,A
6MA2,1,0,0,42.8600997924805,-70.9965972900391,A
KSBA,1,1,0,34.42620087,-119.8399963,A
SIFU,1,0,0,-22.415472,-43.774735,A
KLUK,3,1,0,39.10329819,-84.41860199,A
KYIP,0,2,0,42.23789978,-83.53040314,A
LFMD,1,0,0,43.542,6.95348,A
KFME,0,0,0,39.0853996277,-76.7593994141,A
38OI,2,0,0,39.6851005554199,-83.0718994140625,A
EDXW,0,0,0,54.9132003784,8.34047031403,A
KGKY,0,1,0,32.6638984680176,-97.0942993164062,A
KONT,0,2,1,34.0559997558594,-117.600997924805,A
YBBN,41,0,3,-27.384199142456,153.117004394531,A
YPAD,14,3,0,-34.945,138.531006,A
EDQK,0,0,0,50.134998,11.459722,A
FL36,0,0,1,29.867472,-81.367361,A
KAUS,0,3,1,30.1944999694824,-97.6698989868164,A
KJYO,0,0,0,39.077999,-77.557503,A
OMDB,406,16,42,25.2527999878,55.3643989563,A
KFLD,0,1,0,43.7711982727,-88.4884033203,A
OLBA,0,0,0,33.8208999633789,35.4883995056152,A
DAAG,0,0,1,36.691002,3.21541,A
KDAB,0,0,1,29.179899,-81.058098,A
TBPB,1,0,0,13.0746,-59.4925,A
YPPH,26,11,5,-31.940299987793,115.967002868652,A
34CO,1,0,0,39.7164001464844,-104.732002258301,A
KMXF,0,0,1,32.3829,-86.365799,A
YMML,51,0,4,-37.673302,144.843002,A
KSSF,0,0,0,29.336999893188,-98.471099853516,A
SLCY,0,0,0,-17.5650005340576,-63.1747016906738,A
EGBE,0,0,1,52.3697013855,-1.47971999645,A
EGPG,0,0,0,55.9747009277,-3.97555994987,A
KBDN,0,0,0,44.09479904,-121.2009964,A
KGRB,1,0,0,44.4850997924805,-88.1296005249024,A
KTNT,0,3,0,25.861799240112,-80.897003173828,A
OTBD,0,0,0,25.261101,51.565102,A
71KY,5,0,0,39.0348014832,-84.8727035522,A
KHYI,0,0,0,29.8927,-97.862999,A
RKPK,0,0,0,35.1795005798,128.93800354,A
1AZ2,0,0,1,33.4117012023926,-112.181999206543,A
ETAR,2,0,0,49.4369010925293,7.60027980804443,A
KFOK,0,0,0,40.8437004089,-72.6317977905,A
KCLE,0,1,0,41.4117012024,-81.8498001099,A
KDYS,0,0,0,32.4207992554,-99.854598999,A
KTOA,0,0,1,33.803398132324,-118.33999633789,A
VHHH,255,28,6,22.308901,113.915001,A
52CL,0,1,0,34.537498474121,-117.46099853516,A
KASG,0,0,1,36.176399231,-94.1193008423,A
LTAC,0,0,0,40.1281013489,32.995098114,A
LTBJ,1,0,0,38.2924003601,27.156999588,A
OMSJ,8,2,20,25.3285999298096,55.5172004699707,A
52OR,0,1,0,45.7453994750977,-122.846000671387,A
KARB,0,1,0,42.2229995728,-83.7455978394,A
KBWI,6,13,1,39.1754,-76.668297,A
SEHI,0,1,1,-0.302940011024475,-78.2683029174805,A
ENKJ,2,0,0,59.9692993164,11.0361003876,A
KAPA,0,2,3,39.57009888,-104.848999,A
KPOC,0,0,0,34.091598510742,-117.78199768066,A
KPVD,0,0,0,41.732601,-71.420403,A
MMSD,0,0,0,23.1518001556396,-109.721000671387,A
WMBA,0,0,0,4.2222,100.6993,A
KSAF,0,0,0,35.617099762,-106.088996887,A
LIRU,1,0,0,41.9519,12.4989,A
LPPD,0,0,0,37.7411994934,-25.6979007721,A
VGTJ,0,0,0,23.7787990570068,90.382698059082,A
CCV4,0,0,0,47.63330078125,-52.9832992553711,A
EGAA,0,1,0,54.6575012207,-6.21582984924,A
KVGT,0,1,0,36.21070098877,-115.19400024414,A
OA16,1,0,0,39.156111,-84.781667,A
67FL,0,1,0,27.4556007385254,-82.1050033569336,A
BIKF,1,0,0,63.985001,-22.6056,A
KCYS,0,0,0,41.15570068,-104.8119965,A
EGLL,266,0,27,51.4706,-0.461941,A
KFYV,0,0,0,36.0051002502441,-94.1700973510742,A
KHSV,3,0,0,34.637199401855,-86.775100708008,A
RPLS,6,0,0,14.4954,120.903999,A
0TS2,0,1,0,32.9486999511719,-97.3289031982422,A
KHND,0,0,0,35.9728012085,-115.134002686,A
KLDJ,39,21,5,40.617401123,-74.2445983887,A
FATA,2,0,0,-26.3520377385,27.9681630135,A
K1N7,0,0,0,40.9710998535,-74.9974975586,A
MMCS,0,0,0,31.636100769043,-106.429000854492,A
KMTJ,0,0,0,38.5097999573,-107.893997192,A
SBBR,4,0,1,-15.869167,-47.920834,A
SLLP,2,0,0,-16.5132999420166,-68.1922988891602,A
86MI,0,1,0,42.1528015136719,-83.5673980712891,A
8TX7,0,0,0,29.8335990905762,-95.1484985351562,A
EDAQ,0,0,0,51.552223,12.053889,A
EDFH,5,0,0,49.9487,7.26389,A
K1L0,0,2,0,30.087,-90.582602,A
LGIR,0,0,0,35.3396987915,25.1802997589,A
LLEK,0,0,0,31.8395004272,34.8218002319,A
LSZM,1,0,0,47.59,7.529167,A
RJTJ,3,0,0,35.8419,139.410995,A
SPOL,0,1,0,-11.9287004470825,-77.0610961914062,A
FACT,8,0,1,-33.9648017883,18.6016998291,A
MMMX,24,6,2,19.4363,-99.072098,A
VNKT,0,0,3,27.6966,85.3591,A
25CO,0,0,0,40.8516006469727,-105.633003234863,A
EDCW,0,0,0,53.914444,11.499444,A
KDCA,0,9,3,38.8521,-77.037697,A
KNUQ,0,0,0,37.4161,-122.049004,A
UWLW,0,0,0,54.4010009765625,48.8027000427246,A
5IN6,1,0,0,41.5875015258789,-86.9028015136719,A
CYYJ,0,0,1,48.646900177,-123.426002502,A
EGKR,0,0,1,51.2136001587,-0.138611003757,A
KAFW,0,0,1,32.9875984192,-97.3188018799,A
LLBG,14,5,2,32.0113983154297,34.8866996765137,B
RJOT,0,0,0,34.2141990662,134.01600647,B
CYYC,8,15,3,51.113899231,-114.019996643,B
KF70,0,0,1,33.5741996765,-117.127998352,B
KHTO,0,0,0,40.95959854,-72.25180054,B
LGAV,4,1,1,37.9364013672,23.9444999695,B
VOMM,3,14,5,12.990005,80.169296,B
47AZ,0,0,1,33.224201,-111.594002,B
85LL,0,1,0,41.6838989257812,-88.2622985839844,B
EDDF,168,3,44,50.033333,8.570556,B
KSCK,0,2,0,37.894199371338,-121.2379989624,B
OMAM,3,0,0,24.2481994629,54.5476989746,B
RCDI,1,0,0,24.8551006317139,121.237998962402,B
KSQL,0,1,0,37.511901855469,-122.25,B
OEDF,0,1,0,26.4712009429932,49.7979011535645,B
RKTU,1,0,0,36.717008,127.498741,B
RPLX,1,0,0,14.3913,120.607002,B
KDEN,5,14,2,39.861698150635,-104.672996521,B
KHXF,0,0,0,43.34930038,-88.39109802,B
KOKC,0,1,0,35.3931007385254,-97.600700378418,B
KVUO,0,7,0,45.620499,-122.655998,B
TX40,0,0,0,32.2542991638184,-95.6557998657227,B
CYOW,0,1,0,45.3224983215332,-75.6691970825195,B
KSTS,0,0,0,38.50899887,-122.8130035,B
LGRP,0,1,0,36.4053993225098,28.0862007141113,B
URRP,0,0,0,47.493888,39.924722,B
92VA,0,0,0,37.3446998596191,-76.5643997192383,B
EINN,2,0,0,52.702,-8.92482,B
KCLT,0,5,0,35.2140007019043,-80.9430999755859,B
KPLK,0,0,0,36.62590027,-93.22889709,B
KTTN,1,1,0,40.2766990661621,-74.8134994506836,B
LIBD,0,1,0,41.138901,16.760599,B
USSK,0,0,0,56.7016983032227,60.7900009155273,B
KSWF,0,0,0,41.504101,-74.104797,B
KTZR,1,0,0,39.9011993408203,-83.1369018554688,B
TS07,0,0,0,29.9862995147705,-95.6856002807617,B
YMMB,0,0,0,-37.9757995605469,145.102005004883,B
8KY6,1,0,0,38.935528,-84.568278,B
KIAG,0,1,0,43.1072998046875,-78.9461975097656,B
KMIA,19,5,5,25.7931995391846,-80.2906036376953,B
KPAE,0,2,0,47.90629959,-122.2819977,B
EDAW,0,0,0,51.577778,12.494444,B
NZGR,0,0,1,-36.5974998474121,175.766998291016,B
03NY,0,0,0,40.9584007263184,-72.716796875,B
CYBW,0,0,0,51.1031,-114.374001,B
EIDW,5,1,1,53.421299,-6.27007,B
K4A0,0,0,0,33.535701751709,-84.1791000366211,B
LHBP,2,2,0,47.42976,19.261093,B
KGTU,0,0,0,30.6788005828857,-97.6793975830078,B
KGYR,1,0,0,33.4225006104,-112.375999451,B
KLNA,0,1,0,26.59300041,-80.08509827,B
KRDU,2,4,0,35.8776016235352,-78.7874984741211,B
KVNY,4,12,0,34.209800720215,-118.48999786377,B
LERT,2,0,0,36.645198822,-6.34946012497,B
MMHO,0,0,0,29.0958995819,-111.047996521,B
VA85,0,0,0,37.4835014343262,-80.0998001098633,B
02XS,0,1,0,30.147699,-97.662804,B
KBNG,0,0,1,33.922548,-116.850672,B
KCAE,0,0,0,33.9388008117676,-81.119499206543,B
KIAD,51,13,3,38.9445,-77.455803,B
UKBB,3,0,0,50.3450012207031,30.8946990966797,B
0WI5,0,1,0,42.793399810791,-87.8906021118164,B
KPVU,0,0,0,40.219200134277,-111.72299957275,B
LIMC,20,0,6,45.6306,8.72811,B
RJAK,44,0,0,36.0346984863281,140.192993164063,B
USSS,0,3,0,56.743099212646,60.802700042725,B
ZGGG,6,0,0,23.3924007415771,113.299003601074,B
KBAK,0,0,0,39.2619018555,-85.8963012695,B
KBNA,1,2,0,36.1245002746582,-86.6781997680664,B
KMCF,0,1,0,27.84930038,-82.52120209,B
KRIR,2,10,0,33.9897003173828,-117.411003112793,B
08FA,1,0,0,26.5797996520996,-81.4837036132812,B
57FA,3,0,0,28.2085990905762,-81.1192016601563,B
ESMS,1,0,0,55.536305364,13.3761978149,B
VAJJ,1,1,0,19.0981006622314,72.8341979980469,B
1LA1,0,0,0,29.9834995269775,-90.4347991943359,B
IG04,0,0,0,39.0461006164551,-85.1567001342773,B
KHYA,0,1,0,41.66930008,-70.28040314,B
KSEA,46,37,4,47.449001,-122.308998,B
KSUS,1,1,1,38.662101745605,-90.652000427246,B
KMDW,0,5,0,41.785999,-87.752403,B
LEMG,0,3,0,36.6749000549316,-4.49911022186279,B
0GE0,0,0,1,33.7821006774902,-84.8007965087891,B
GA95,0,0,0,33.5261993408203,-84.502197265625,B
RPLC,0,3,0,15.186,120.559998,B
TVSM,0,0,0,12.887900352478,-61.1801986694336,B
WBSB,10,0,0,4.94420003890991,114.928001403809,B
GMMN,0,0,0,33.3675003051758,-7.58997011184692,B
KLNK,1,1,0,40.851001739502,-96.7592010498047,B
KRNM,0,0,0,33.0392,-116.915001,B
MGGT,0,0,0,14.5833,-90.527496,B
MO03,0,0,0,38.4241981506348,-90.5829010009766,B
UGTB,0,0,0,41.6692008972,44.95470047,B
WICB,0,0,0,-6.293171,106.57,B
LPAR,3,0,1,38.883301,-9.0301,B
UHBB,1,0,0,50.4253997802734,127.412002563477,B
KRIV,0,0,0,33.880699,-117.259003,B
NTAA,1,0,1,-17.553699,-149.606995,B
OERK,4,2,2,24.9575996398926,46.6987991333008,B
SBKP,11,0,2,-23.0074005127,-47.1344985962,B
67OH,0,0,0,41.4138984680176,-81.4525985717773,B
KBJC,2,1,0,39.90879822,-105.1169968,B
KLWC,0,0,0,39.01119995,-95.21659851,B
KTPA,2,4,0,27.9755001068115,-82.533203125,B
SUMU,6,0,0,-34.838402,-56.0308,B
VGZR,0,1,0,23.843347,90.397783,B
VT47,0,1,0,42.7785987854004,-72.5278015136719,B
24MU,0,0,0,40.3628005981445,-95.4385986328125,B
CYXE,0,0,0,52.1707992553711,-106.699996948242,B
EBLG,41,0,0,50.6374015808106,5.44322013854981,B
EDDV,0,0,1,52.461101532,9.68507957458,B
ENGM,7,0,0,60.193901062012,11.100399971008,B
KBLI,0,2,1,48.7928009033203,-122.53800201416,B
KCDW,0,0,0,40.8751983643,-74.2814025879,B
LIPV,1,0,0,45.428299,12.3881,B
LIRA,0,1,0,41.7994,12.5949,B
KDWH,6,0,0,30.0618000031,-95.5528030396,B
LFPO,0,0,10,48.7233333,2.3794444,B
ESGG,0,0,1,57.662799835205,12.279800415039,B
KABQ,0,1,1,35.040199,-106.609001,B
KBAZ,0,1,0,29.7045,-98.042198,B
SKMA,2,1,0,4.7278,-74.2754,B
EGNX,0,0,0,52.8311004639,-1.32806003094,B
FABA,6,0,0,-25.9762557716,28.3890151978,B
GOBD,6,6,0,14.67,-17.073333,B
KDAL,5,6,1,32.847099,-96.851799,B
KPAO,0,0,0,37.461101532,-122.114997864,B
KTTD,0,1,0,45.54940032959,-122.40100097656,B
09NC,0,0,0,35.3292999267578,-79.0299987792969,B
LFML,0,0,0,43.439271922,5.22142410278,B
LIPX,0,0,0,45.395699,10.8885,B
MI39,0,0,0,42.075003,-83.608299,B
VABB,50,2,11,19.0886993408,72.8678970337,B
VCBI,5,7,2,7.1807599067688,79.8841018676758,B
60CO,1,1,0,39.9667015075684,-104.651000976563,B
EGMC,1,0,0,51.5713996887207,0.695555984973908,B
K07V,0,0,1,37.5238,-105.009002,B
MD46,0,0,0,39.2695999145508,-77.0053024291992,B
RJBB,61,8,2,34.4272994995117,135.244003295898,B
LGKN,0,0,0,38.137798,23.951099,B
UAAA,4,8,0,43.3521003723145,77.0404968261719,B
0GE4,0,0,0,33.3314018249512,-84.2667007446289,B
GMMT,1,0,0,33.5974998474121,-7.46500015258789,B
SBGR,87,2,25,-23.4355564117432,-46.4730567932129,B
KIND,8,2,0,39.7173,-86.294403,B
SBVT,0,0,0,-20.258057,-40.286388,B
0CD7,0,1,0,40.004699707,-105.071998596,B
EHAM,118,1,42,52.308601,4.76389,B
ESSA,14,0,1,59.651901245117,17.918600082397,B
FD83,3,4,0,28.2586002349854,-81.3840026855469,B
RJTK,61,0,0,35.3983,139.910004,B
SBJD,0,0,0,-23.180369,-46.944408,B
CYYZ,94,28,21,43.6772003174,-79.6305999756,B
DE04,2,0,0,39.2916984558105,-75.5749969482422,B
K20A,1,0,0,33.9723014831543,-86.3794021606445,B
KLGB,0,6,1,33.817699,-118.152,B
WIHH,0,0,0,-6.26661014556885,106.890998840332,B
ESME,0,0,0,55.8483009338,13.3283004761,B
KDTO,0,0,0,33.2006988525,-97.1979980469,B
KGYY,0,1,0,41.6162986755371,-87.4128036499024,B
KILG,0,0,0,39.67869949,-75.60649872,B
KUGN,2,0,0,42.422199249268,-87.867897033691,B
OERT,0,0,0,26.7231006622314,50.0307998657227,B
OMAF,1,0,0,24.3788890838623,54.3161125183106,B
CNP3,0,0,0,45.4136009216309,-76.3657989501953,B
SN59,0,1,0,38.8527984619141,-94.9100036621094,B
SWZT,1,0,0,-19.254999,-44.473331,B
0VA1,0,0,0,37.2335014343262,-79.5852966308594,B
EGPF,0,1,4,55.871899,-4.43306,B
KP19,0,0,0,33.298829,-111.915795,B
ELLX,16,0,1,49.6233333,6.2044444,B
KO22,0,1,0,38.0303993225,-120.415000916,B
KSNA,0,9,0,33.67570114,-117.8679962,B
LEZG,1,0,0,41.6661987304687,-1.04155004024506,B
VTBS,112,4,5,13.6810998916626,100.747001647949,B
LROP,0,1,0,44.5711111,26.085,B
RKSS,3,2,0,37.5583,126.791,B
CHG2,0,1,0,47.6856002807617,-53.2538986206055,B
EGPK,1,0,0,55.5093994140625,-4.586669921875,B
KMHR,0,4,0,38.55390167,-121.2979965,B
KRNO,0,1,1,39.4990997314453,-119.767997741699,B
08ID,0,0,0,43.5693016052246,-116.777000427246,B
KCRQ,2,2,2,33.12829971,-117.2799988,B
SPQU,0,0,0,-16.3411006927,-71.5830993652,B
TS53,0,1,0,31.774861,-106.470681,B
FADR,0,0,0,-26.3543156175,28.466791153,B
MMSM,1,0,0,19.7553005219,-99.0164031982,B
KPTK,0,0,0,42.665500640869,-83.420097351074,B
KRMN,1,0,0,38.398102,-77.455498,C
KSLC,0,1,0,40.7883987426758,-111.977996826172,C
LIRZ,0,0,0,43.095901,12.5132,C
YSCB,0,0,0,-35.3069000244141,149.195007324219,C
EGPH,0,2,0,55.9500007629395,-3.37249994277954,C
K9F9,0,1,0,32.6285018920898,-97.3535995483399,C
KOUN,0,1,0,35.2456,-97.472099,C
KFTW,0,0,0,32.819801,-97.362396,C
KLWV,0,0,0,38.7643013,-87.6054992676,C
KTUS,0,1,0,32.115004,-110.938053,C
SABE,1,0,0,-34.5592,-58.4156,C
CYVR,68,17,9,49.193901062,-123.183998108,C
KOWD,4,3,0,42.1904983521,-71.1728973389,C
NC03,0,0,0,35.9085006713867,-79.9872970581055,C
OM11,4,0,1,24.5188999176025,54.9800987243652,C
5IS3,0,1,0,38.0783996582031,-89.9795989990234,C
AZ85,0,0,0,33.533561,-112.960192,C
CYHM,0,2,0,43.1735992432,-79.9349975586,C
KHIO,0,1,0,45.540401,-122.949997,C
MROC,3,1,0,9.99386024475098,-84.2088012695313,C
4GE2,7,2,1,33.5500984191894,-84.1666030883789,C
RKSG,1,0,0,36.9622001647949,127.03099822998,C
KAVQ,0,1,0,32.4095993042,-111.218002319,C
KUUV,0,0,1,38.2335014343262,-91.1642990112305,C
9CA0,0,0,0,35.113899230957,-118.597999572754,C
EGNP,0,0,0,53.878175,-1.662477,C
KLVN,0,0,0,44.6278991699219,-93.2281036376953,C
KO60,0,1,0,38.77600098,-122.9929962,C
KMSN,0,0,1,43.1399002075195,-89.3375015258789,C
LKPR,1,0,0,50.1008,14.26,C
OH43,1,0,0,39.8334007263184,-82.7332000732422,C
SLVR,1,2,1,-17.6448,-63.135399,C
AL93,0,1,0,34.8856010437012,-86.7099990844727,C
GABS,0,0,0,12.5335,-7.94994,C
KAKH,0,1,0,35.202598,-81.149902,C
LIMJ,0,0,0,44.4133,8.8375,C
NZAA,33,5,4,-37.0080986023,174.792007446,C
WBKK,0,0,2,5.93721008300781,116.051002502441,C
CO12,0,0,0,39.983001709,-104.705001831,C
LETO,0,0,0,40.4967002868652,-3.44586992263794,C
WMSA,2,0,0,3.13057994842529,101.549003601074,C
WSAC,2,0,0,1.3441400528,104.009002686,C
KE67,0,0,1,33.04759979248,-110.90899658203,C
KFNL,0,0,0,40.451804,-105.011,C
SPLP,0,0,0,-12.16069984436,-76.998901367188,C
5OI0,0,1,0,39.2841987609863,-84.2113037109375,C
KT67,0,1,0,32.93119812,-97.41169739,C
RKSO,1,0,0,37.090599,127.029999,C
96FL,0,0,0,29.2425003051758,-82.5454025268555,C
KW32,2,0,0,38.7482986450195,-76.9328002929688,C
SAAR,1,0,0,-32.9036,-60.785,C
WSAP,14,0,1,1.3604199886322,103.910003662109,C
KSTP,0,0,0,44.9345016479492,-93.0599975585938,C
FAGM,17,0,0,-26.2425003052,28.1511993408,C
K4A5,0,0,1,35.8969993591309,-92.6589965820312,C
KCDC,0,0,0,37.701000213623,-113.098999023438,C
KJFK,241,95,16,40.639801,-73.7789,C
KVCB,0,0,0,38.3768005371094,-121.96199798584,C
LLSD,2,0,0,32.1147,34.7822,C
EGFF,0,1,0,51.3967018127441,-3.34332990646362,C
EPGD,0,0,0,54.3776016235352,18.4661998748779,C
KSFB,0,1,0,28.7775993347168,-81.2375030517578,C
LPFR,1,0,0,37.0144004822,-7.96590995789,C
21FL,0,0,0,28.5086002349853,-81.8003005981445,C
OMRK,0,0,0,25.6135005950928,55.9388008117676,C
09FL,0,0,0,27.0555992126465,-81.9705963134766,C
71MI,0,0,1,42.0843851004,-83.5170149803,C
EBOS,1,0,0,51.1988983154,2.8622200489,C
KADS,1,0,0,32.9686012268,-96.8364028931,C
KU42,1,4,1,40.61949921,-111.9929962,C
OBBI,2,2,18,26.2707996368408,50.6335983276367,C
UT13,1,0,0,40.5638999938965,-112.013999938965,C
6IN6,1,0,0,39.548900604248,-86.4766998291016,C
CYHZ,0,1,0,44.8807983398,-63.5085983276,C
KSMO,0,0,0,34.0158,-118.450996,C
LSZF,0,0,1,47.4436,8.23361,C
VMMC,7,1,0,22.149599,113.592003,C
KBDU,0,2,0,40.0393981934,-105.225997925,C
KWRI,2,0,0,40.0155983,-74.59169769,C
LSGG,3,0,0,46.2380981445313,6.10895013809204,C
VAPO,4,0,0,18.5820999145508,73.9197006225586,C
EGGW,12,1,2,51.874698638916,-0.368333011865616,C
KIWA,1,0,0,33.30780029,-111.6549988,C
KMEM,6,0,0,35.0424003601074,-89.9766998291016,C
KSAC,0,0,0,38.5125007629,-121.492996216,C
LPPR,0,0,0,41.2481002808,-8.68138980865,C
72FL,2,0,0,28.1575164794922,-81.2347946166992,C
FARA,1,0,0,-26.0845963451,28.3903865814,C
KIAH,19,5,1,29.9843997955322,-95.3414001464844,C
RCSS,0,0,0,25.0694007873535,121.552001953125,C
2GE8,1,0,0,33.4641990661621,-84.6632995605469,C
KSPG,0,0,0,27.7651,-82.626999,C
KSUU,1,0,0,38.262699127197,-121.92700195312,C
LSZB,1,0,0,46.914100647,7.49714994431,C
RPLL,61,3,3,14.5086,121.019997,C
YBCG,1,0,0,-28.1644001007,153.505004883,C
YSSY,111,3,19,-33.9460983276367,151.177001953125,C
CO02,0,1,0,39.6296997070312,-104.518997192383,C
EPWA,1,0,7,52.1656990051,20.9671001434,C
GVNP,0,1,0,14.9245004653931,-23.4934997558594,C
KANE,0,0,0,45.145,-93.211401,C
KPWA,0,0,0,35.53419876,-97.64710236,C
KSKF,0,0,0,29.38419914,-98.58110046,C
KTEB,5,9,1,40.8501014709,-74.060798645,C
LEMD,108,0,43,40.471926,-3.56264,C
TLPL,0,0,0,13.7332,-60.952599,C
EDDN,0,0,0,49.498699,11.078056,C
EGVN,0,0,0,51.75,-1.58362,C
KC29,0,1,0,43.1142997741699,-89.5315017700195,C
KOJC,0,0,1,38.84759903,-94.73760223,C
SBMT,3,0,0,-23.5090999603,-46.6377983093,C
TE10,0,0,0,33.8153991699219,-98.2281036376953,C
67OR,0,0,1,45.2336997986,-122.856002808,C
KEWR,71,31,13,40.6925010681152,-74.168701171875,C
KFUL,0,0,0,33.8720016479,-117.980003357,C
KHHR,64,55,2,33.922798,-118.334999,C
SEAS,0,1,0,-0.083333298563957,-78.283332824707,C
UWUU,0,0,0,54.557498931885,55.874401092529,C
EGSS,4,0,3,51.8849983215,0.234999999404,C
KSLK,1,0,0,44.3852996826172,-74.2061996459961,C
K1H3,0,1,0,38.471583,-91.817293,C
KSAN,18,18,0,32.7336006165,-117.190002441,C
WMKP,1,1,0,5.29714012145996,100.277000427246,C
CT09,0,0,0,41.8028984069824,-72.3917007446289,C
KCOS,0,1,1,38.805801,-104.700996,C
KOWB,0,1,0,37.74010086,-87.16680145,C
KTCC,0,0,0,35.182800293,-103.602996826,C
RKSI,287,28,9,37.4691009521484,126.450996398926,C
89GE,1,0,0,33.5376014709473,-84.638801574707,C
EKCH,22,0,2,55.617900848389,12.656000137329,C
KCGF,0,1,0,41.5651016235,-81.4863967896,C
EHBK,2,0,0,50.911701,5.77014,C
KVLL,0,0,1,42.54290009,-83.17790222,C
YAMB,1,0,0,-27.6406,152.712006,C
KFLL,4,5,0,26.072599,-80.152702,C
KSDL,0,6,1,33.622898101807,-111.91100311279,C
YBMC,1,0,0,26.6033,153.091,C
25GA,2,1,1,33.6595993041992,-84.6630020141602,C
CSB3,1,0,0,45.5900001525879,-73.2386016845703,C
KRYW,0,1,0,30.4986,-97.969498,C
EGGP,0,1,1,53.3335990905762,-2.8497200012207,C
KISM,0,0,0,28.2898006439,-81.4371032715,C
TS01,0,0,1,30.7126998901367,-97.6502990722656,C
KORD,88,16,16,41.9786,-87.9048,C
VHSK,20,0,0,22.4365997314453,114.080001831055,C
86WA,0,0,0,47.0040016174316,-122.236000061035,C
KBED,3,2,0,42.47000122,-71.28900146,C
KAUN,0,0,1,38.95479965,-121.0820007,C
RCKH,1,0,0,22.5771007537842,120.349998474121,C
RJTT,63,0,0,35.552299,139.779999,C
VTBU,0,0,1,12.6799001693726,101.004997253418,C
CYUL,16,7,6,45.4706001282,-73.7407989502,C
RKRB,5,1,0,37.474918,126.747272,C
KBVY,2,1,2,42.584202,-70.916496,C
KLGA,1,1,3,40.777199,-73.872597,C
LEBL,24,0,2,41.2971,2.07846,C
LKKL,0,0,0,50.1128005981445,14.0896997451782,C
LL59,0,0,0,31.8978996276855,34.6907997131348,C
YBCS,0,0,0,-16.885799408,145.755004883,C
CYWG,0,0,0,49.9099998474,-97.2398986816,C
EKBI,0,0,1,55.7402992249,9.15178012848,C
OTBH,4,0,0,25.1173000336,51.3149986267,C
EGLF,0,0,0,51.2757987976,-0.776332974434,C
FABB,9,0,0,-26.2385997772217,28.3017997741699,C
KBFI,1,7,1,47.5299987792969,-122.302001953125,C
KLAX,181,97,19,33.942501,-118.407997,C
KPBI,0,0,0,26.6832008361816,-80.0955963134766,C
LGKO,0,0,0,36.7933006286621,27.0916996002197,C
CYZG,0,0,0,62.1794013977051,-75.6671981811523,C
EDDS,0,0,0,48.6898994446,9.22196006775,C
EFKU,1,0,0,63.007099,27.7978,C
KPHX,16,24,3,33.4342994689941,-112.012001037598,C
KPMP,0,0,0,26.247100830078,-80.111099243164,C
KSDF,7,0,0,38.1744,-85.736,C
EHGG,0,0,0,53.1197013855,6.57944011688,C
TXKF,0,1,0,32.3639984130859,-64.6787033081055,C
UUEE,34,8,46,55.972599,37.4146,C
KHSD,0,1,0,35.6017990112305,-97.7061996459961,C
KMCC,0,0,1,38.66759872,-121.401001,C
KMCI,2,0,0,39.2976,-94.713898,C
KMDT,0,0,0,40.1935005188,-76.7633972168,C
KSVN,0,0,0,32.00999832,-81.14569855,C
LIPR,1,0,0,44.020302,12.6117,C
LOWS,0,0,0,47.7933006287,13.0043001175,C
MS62,9,0,0,34.9911994934082,-89.8155975341797,C
SKBO,7,2,0,4.70159,-74.1469,C
EDEG,0,0,0,50.9700012207031,10.7277784347534,C
EPKT,0,1,2,50.4743,19.08,C
FASI,0,0,0,-26.2494004736,28.3982715607,D
KMGJ,0,1,0,41.50999832,-74.26460266,D
EDCT,1,0,1,51.3950004577637,12.5369443893433,D
EGCC,14,3,9,53.3536987304688,-2.27495002746582,D
NZCH,0,0,0,-43.4893989562988,172.531997680664,D
WI58,0,0,0,42.5222015380859,-88.0279006958008,D
EDDM,60,0,3,48.353802,11.7861,D
68CA,0,0,1,40.3610992431641,-122.216003417969,D
KEYE,0,1,1,39.830699920654,-86.294403076172,D
PAED,0,1,0,61.2509994506836,-149.807006835938,D
OE53,0,1,0,24.9421005249023,46.3912010192871,D
KBCT,1,2,0,26.3784999847,-80.1076965332,D
KCVG,0,0,0,39.048801,-84.667801,D
83TA,0,0,1,31.9002990722656,-96.6003036499023,D
BIRK,0,0,0,64.1299972534,-21.9405994415,D
FALE,2,0,0,-29.6144444444,31.1197222222,D
KCMH,0,1,0,39.998001,-82.891899,D
KPUB,0,0,0,38.2891006469727,-104.497001647949,D
MMTJ,0,1,8,32.5410995483398,-116.970001220703,D
ZUCK,1,2,0,29.7192001342773,106.641998291016,D
5OR9,0,0,0,44.776798248291,-122.76000213623,D
EDDL,12,0,1,51.289501,6.76678,D
ULLP,0,1,1,59.685001,30.338301,D
51GA,2,0,0,33.5080986022949,-84.6005020141602,D
OR81,0,0,0,45.5597991943,-123.019996643,D
SSJC,0,0,0,-29.9830551147461,-51.3005561828613,D
UUDD,5,1,16,55.4087982177734,37.9062995910645,D
UUMU,0,0,0,55.8783,38.061699,D
EYKA,1,0,0,54.9639015197754,24.0848007202148,D
KFRG,0,1,0,40.7288017273,-73.4133987427,D
SPJC,3,3,0,-12.0219002,-77.1143036,D
VTBD,3,0,8,13.9125995636,100.607002258,D
KOPF,7,1,1,25.907,-80.278397,D
KSMF,2,6,0,38.6954002380371,-121.591003417969,D
LFPB,4,0,0,48.9693984985352,2.44139003753662,D
MRPV,0,0,0,9.95705032348633,-84.1398010253906,D
38IN,0,0,0,39.9020004272461,-86.3630981445312,D
EDDB,1,0,1,52.351389,13.493889,D
EFHK,22,0,6,60.3172,24.963301,D
EGNT,0,0,2,55.0374984741211,-1.69166994094849,D
KUMP,0,0,0,39.93519974,-86.04499817,D
LFBO,1,0,0,43.629101,1.36382,D
RCTP,44,3,0,25.0777,121.233002,D
SDVL,1,0,0,-22.2427787780762,-43.7136116027832,D
FL66,0,1,0,29.559700012207,-82.4994964599609,D
KSFF,0,0,0,47.682800292969,-117.32299804688,D
LIRS,1,0,0,42.759701,11.0719,D
KDVT,0,4,3,33.6883010864,-112.083000183,D
KI67,0,0,0,39.2588996887207,-84.774299621582,D
KPYM,0,1,0,41.909,-70.728798,D
KSDM,0,0,2,32.572299957275,-116.98000335693,D
LPPT,19,0,5,38.7813,-9.13592,D
OMDW,28,1,5,24.896356,55.161389,D
PABV,0,0,1,61.41650009,-149.5070038,D
K12N,0,1,0,41.0085983276,-74.7379989624,D
KDTW,1,4,0,42.2123985290527,-83.353401184082,D
LMML,1,0,0,35.857498,14.4775,D
LRBS,1,0,0,44.5032005310059,26.1021003723144,D
RCMQ,0,0,0,24.2646999359131,120.621002197266,D
CYMX,0,3,2,45.679501,-74.038696,D
KBOS,55,34,4,42.36429977,-71.00520325,D
KHWD,0,0,1,37.659198761,-122.122001648,D
KRVS,0,1,0,36.039600372314,-95.984596252441,D
PAMR,0,1,0,61.2135009765625,-149.843994140625,D
EDDH,0,0,0,53.630401611328,9.9882297515869,D
EGHH,0,0,0,50.7799987792969,-1.84249997138977,D
K06C,11,0,8,41.9892997742,-88.1011962891,D
KFFZ,0,0,0,33.4608001709,-111.727996826,D
KISP,1,1,0,40.79520035,-73.10019684,D
KSAT,0,1,1,29.533701,-98.469803,D
LZIB,0,1,1,48.1702003479004,17.2126998901367,D
OMDM,1,0,0,25.0268001556,55.3661994934,D
6FD7,0,2,0,27.5442008972168,-82.5300979614258,D
EDRN,0,0,0,49.9702796936,7.47916698456,D
KFCM,0,0,0,44.8272018433,-93.4570999146,D
KHPN,5,4,1,41.0670013427734,-73.7076034545899,D
LILG,0,0,0,45.7132,8.69912,D
LTFJ,0,1,3,40.898602,29.3092,D
RJFF,0,5,0,33.5858993530273,130.45100402832,D
EGNR,1,0,0,53.1781005859375,-2.97778010368347,D
KGRF,0,0,0,47.07920074,-122.5810013,D
OMAL,0,0,0,24.2616996765137,55.6091995239258,D
RKJK,0,0,0,35.9038009643555,126.615997314453,D
67NJ,0,0,1,40.969799041748,-75.0668029785156,D
CSA2,0,0,1,45.7919006347656,-73.6380996704102,D
ENBR,0,0,0,60.29339981,5.218140125,D
ESOW,0,0,0,59.5894012451172,16.6336002349853,D
KFTY,3,0,0,33.7790985107,-84.5214004517,D
EIWT,1,0,0,53.3521995544,-6.48611021042,D
KRNT,0,0,1,47.4930992126,-122.216003418,D
RJTA,3,0,0,35.454601,139.449997,D
EVRA,0,0,0,56.9235992431641,23.9710998535156,D
2KS9,1,0,0,38.9000015258789,-95.5836029052734,D
FAWK,1,0,0,-25.8299999237,28.2224998474,D
KMCO,4,0,0,28.4293994903564,-81.3089981079102,D
SADF,0,0,0,-34.4532,-58.5896,D
ZGSZ,6,0,2,22.6392993927002,113.810997009277,D
EBBR,13,0,2,50.9014015198,4.48443984985,D
KMGE,0,0,0,33.91540146,-84.51629639,D
KOSU,1,0,0,40.0798,-83.072998,D
LKVO,5,0,0,50.216599,14.3958,D
RJAH,4,0,0,36.181099,140.414993,D
WMKK,51,18,18,2.745579957962,101.70999908447,D
CEF4,1,0,0,51.2639007568359,-113.93399810791,D
PA08,0,1,0,39.7934,-77.778099,D
UUWW,2,4,9,55.5914993286,37.2615013123,D
76MI,0,0,0,43.133302,-85.724998,D
EGBB,0,2,5,52.4538993835,-1.74802994728,D
EIER,0,1,0,52.8125,-8.28222179412842,D
KGJT,0,0,0,39.1223983765,-108.527000427,D
CSP6,1,1,1,45.3760986328,-73.9072036743,D
KOMA,0,1,0,41.3032,-95.894096,D
OE47,1,0,0,24.0607223510742,47.4108047485352,D
07KY,3,0,0,38.0806007385254,-85.6932983398437,D
CYKF,1,0,0,43.4608001709,-80.3786010742,D
IG07,2,0,0,39.0569000244141,-85.0355987548828,D
KADW,1,0,0,38.810799,-76.866997,D
KSTL,0,2,1,38.748697,-90.370003,D
EGGD,0,2,1,51.382702,-2.71909,D
EPWR,0,0,1,51.1026992798,16.885799408,D
43TS,0,0,0,32.5649,-95.465398,D
EDDP,1,0,0,51.423889,12.236389,D
EGKB,0,0,0,51.3307991028,0.0324999988079,D
KHOU,1,4,1,29.64539909,-95.27890015,D
KPDX,5,12,1,45.58869934,-122.5979996,D
LSZH,62,0,13,47.464699,8.54917,D
RCPO,4,0,0,24.8180007935,120.939002991,D
EBMB,12,0,1,50.913,4.49,D
KRYY,0,0,1,34.01319885,-84.59860229,D
KSGS,1,0,0,44.85710144,-93.03289795,D
MMML,0,0,0,32.6306,-115.241997,D
KSFO,157,50,12,37.6189994812012,-122.375,D
MMUN,0,0,0,21.0365009308,-86.8770980835,D
SEQM,0,2,0,-0.129166666667,-78.3575,D
KCLL,0,1,0,30.58860016,-96.36380005,D
KL65,0,0,1,33.7608985900879,-117.218002319336,D
KSBP,0,1,0,35.2368011475,-120.641998291,D
MA80,0,1,0,42.119800567627,-72.8143005371094,D
ID27,0,0,0,47.75550079,-116.8590012,D
LTBW,76,2,0,41.1035995483,28.547700882,D
SDWL,0,0,1,-23.1916675568,-47.0750007629,D
UKKK,0,1,0,50.40194,30.45194,D
KHWO,7,3,0,26.0012,-80.2407,D
KT42,0,0,1,40.2113,-123.297997,D
UAII,0,0,0,42.364200592041,69.4788970947266,D
ULLI,1,0,4,59.8003005981445,30.2625007629394,D
EGNM,0,0,1,53.8658981323242,-1.66057002544403,D
KBUF,0,1,0,42.94049835,-78.73220062,D
KDAA,0,0,0,38.7150001526,-77.1809997559,D
LEAL,0,0,0,38.2821998596191,-0.55815601348877,D
FAGC,0,0,0,-25.9862995148,28.1401004791,D
RJBE,1,0,0,34.6328010559082,135.223999023438,D
CYHU,1,2,1,45.5175018311,-73.4169006348,D
KPHL,8,10,4,39.871898651123,-75.241096496582,D
KRHV,0,0,1,37.332901001,-121.819000244,D
UWLL,0,0,0,54.2682991028,48.2266998291,D
K07A,0,0,0,32.166801,-85.809702,D
KGEU,0,0,0,33.5269012451172,-112.294998168945,D
LIMA,0,0,0,45.086399,7.60337,D
LIMN,6,0,1,45.529598,8.66922,D
LIPZ,1,0,0,45.505299,12.3519,D
UAAR,0,0,0,43.3526000976562,76.8836975097656,D
WIII,7,1,5,-6.1255698204,106.65599823,D
63OH,1,0,0,39.7028007507324,-83.0939025878906,D
EHRD,0,0,0,51.956902,4.43722,D
MA36,1,0,0,42.6665000915527,-70.8529968261719,D
EGKK,20,1,20,51.148102,-0.190278,D
EGUN,0,0,0,52.3619003295898,0.486405998468399,D
KAPC,0,0,1,38.2132,-122.280998,D
KLAS,23,36,1,36.08010101,-115.1520004,D
MS65,0,0,0,34.9500999450684,-90.2001037597656,D
SBGL,1,0,0,-22.8099994659,-43.2505569458,D
1NC9,0,1,0,35.4496994018555,-81.426399230957,D
K5C1,0,0,1,29.7238998413086,-98.6946029663086,D
KMOD,0,0,0,37.62580109,-120.9540024,D
SAEZ,40,1,1,-34.8222,-58.5358,D
SUBL,0,0,0,-34.811533,-56.164317,D
6MI3,1,0,0,42.7630996704102,-85.9828033447266,D
AL72,3,0,0,34.6954,-86.786102,D
CL36,0,0,0,38.5694007873535,-122.804000854492,D
EDDT,2,0,0,52.5597,13.2877,D
RJTL,14,0,0,35.798901,140.011002,D
UNNE,0,0,0,55.092399597168,83.0045013427734,D
KLVK,0,0,1,37.6934013367,-121.819999695,D
6GA0,1,0,0,34.1325988769531,-84.1994018554687,D
FAOR,100,0,0,-26.1392,28.246,D
K4K3,0,0,0,39.2098007202148,-93.9280014038086,D
KORL,4,1,0,28.5455,-81.332901,D
EGAC,0,0,1,54.6180992126465,-5.87249994277954,D
IN90,0,0,0,41.2597999572754,-87.4813995361328,D
LIRF,83,1,10,41.8002778,12.2388889,D
NZAR,0,0,1,-37.0297012329102,174.973007202148,D
SBRJ,0,0,0,-22.9104995728,-43.1631011963,D
60CL,0,1,0,38.598801,-121.560997,D
81IL,0,1,0,40.433943,-89.356585,D
KDFW,31,7,15,32.896801,-97.038002,D
VEIM,0,1,0,24.7600002289,93.896697998,D
25XS,0,0,0,32.4864997863769,-96.8463973999024,D
K1H8,0,1,0,39.3025016784668,-88.0040969848633,D
